id;start_at;end_at;employee_id
1;2022-06-06T08:00:00;2022-06-06T18:00:00;1
2;2022-06-07T08:00:00;2022-06-07T18:00:00;1
3;2022-06-09T08:00:00;2022-06-09T19:00:00;1
4;2022-06-10T08:00:00;2022-06-10T19:00:00;1
5;2022-06-11T08:00:00;2022-06-11T16:00:00;1
6;2022-06-06T08:00:00;2022-06-06T18:00:00;2
7;2022-06-07T08:00:00;2022-06-07T18:00:00;2
8;2022-06-09T08:00:00;2022-06-09T19:00:00;2
9;2022-06-10T08:00:00;2022-06-10T19:00:00;2
10;2022-06-11T08:00:00;2022-06-11T16:00:00;2
11;2022-06-06T08:00:00;2022-06-06T18:00:00;3
12;2022-06-07T08:00:00;2022-06-07T20:00:00;3
13;2022-06-08T08:00:00;2022-06-08T20:00:00;3
14;2022-06-10T08:00:00;2022-06-10T19:00:00;3
15;2022-06-11T08:00:00;2022-06-11T14:00:00;3
16;2022-06-06T08:00:00;2022-06-06T18:00:00;4
17;2022-06-07T08:00:00;2022-06-07T20:00:00;4
18;2022-06-08T08:00:00;2022-06-08T20:00:00;4
19;2022-06-10T08:00:00;2022-06-10T19:00:00;4
20;2022-06-11T08:00:00;2022-06-11T14:00:00;4
21;2022-06-06T08:00:00;2022-06-06T18:00:00;5
22;2022-06-07T08:00:00;2022-06-07T20:00:00;5
23;2022-06-08T08:00:00;2022-06-08T20:00:00;5
24;2022-06-09T08:00:00;2022-06-09T20:00:00;5
25;2022-06-10T08:00:00;2022-06-10T19:00:00;5
26;2022-06-11T08:00:00;2022-06-11T14:00:00;5
27;2022-06-06T08:00:00;2022-06-06T18:00:00;6
28;2022-06-07T08:00:00;2022-06-07T20:00:00;6
29;2022-06-08T08:00:00;2022-06-08T20:00:00;6
30;2022-06-09T08:00:00;2022-06-09T20:00:00;6
31;2022-06-10T08:00:00;2022-06-10T19:00:00;6
32;2022-06-11T08:00:00;2022-06-11T14:00:00;6
33;2022-06-06T08:00:00;2022-06-06T18:00:00;7
34;2022-06-07T08:00:00;2022-06-07T20:00:00;7
35;2022-06-08T08:00:00;2022-06-08T20:00:00;7
36;2022-06-09T08:00:00;2022-06-09T20:00:00;7
37;2022-06-10T08:00:00;2022-06-10T19:00:00;7
38;2022-06-11T08:00:00;2022-06-11T14:00:00;7
39;2022-06-06T08:00:00;2022-06-06T18:00:00;8
40;2022-06-07T08:00:00;2022-06-07T20:00:00;8
41;2022-06-08T08:00:00;2022-06-08T20:00:00;8
42;2022-06-09T08:00:00;2022-06-09T20:00:00;8
43;2022-06-10T08:00:00;2022-06-10T19:00:00;8
44;2022-06-11T08:00:00;2022-06-11T14:00:00;8
45;2022-06-06T08:00:00;2022-06-06T18:00:00;9
46;2022-06-07T08:00:00;2022-06-07T20:00:00;9
47;2022-06-08T08:00:00;2022-06-08T20:00:00;9
48;2022-06-09T08:00:00;2022-06-09T20:00:00;9
49;2022-06-10T08:00:00;2022-06-10T19:00:00;9
50;2022-06-11T08:00:00;2022-06-11T14:00:00;9
51;2022-06-06T08:00:00;2022-06-06T18:00:00;10
52;2022-06-07T08:00:00;2022-06-07T20:00:00;10
53;2022-06-08T08:00:00;2022-06-08T20:00:00;10
54;2022-06-09T08:00:00;2022-06-09T20:00:00;10
55;2022-06-10T08:00:00;2022-06-10T19:00:00;10
56;2022-06-11T08:00:00;2022-06-11T14:00:00;10
57;2022-06-06T08:00:00;2022-06-06T18:00:00;11
58;2022-06-07T08:00:00;2022-06-07T20:00:00;11
59;2022-06-08T08:00:00;2022-06-08T20:00:00;11
60;2022-06-09T08:00:00;2022-06-09T20:00:00;11
61;2022-06-10T08:00:00;2022-06-10T19:00:00;11
62;2022-06-11T08:00:00;2022-06-11T14:00:00;11
63;2022-06-06T08:00:00;2022-06-06T18:00:00;12
64;2022-06-07T08:00:00;2022-06-07T20:00:00;12
65;2022-06-08T08:00:00;2022-06-08T20:00:00;12
66;2022-06-09T08:00:00;2022-06-09T20:00:00;12
67;2022-06-10T08:00:00;2022-06-10T19:00:00;12
68;2022-06-11T08:00:00;2022-06-11T14:00:00;12
69;2022-06-06T08:00:00;2022-06-06T18:00:00;13
70;2022-06-07T08:00:00;2022-06-07T20:00:00;13
71;2022-06-08T08:00:00;2022-06-08T20:00:00;13
72;2022-06-09T08:00:00;2022-06-09T20:00:00;13
73;2022-06-10T08:00:00;2022-06-10T19:00:00;13
74;2022-06-11T08:00:00;2022-06-11T14:00:00;13
75;2022-06-06T08:00:00;2022-06-06T18:00:00;14
76;2022-06-07T08:00:00;2022-06-07T20:00:00;14
77;2022-06-08T08:00:00;2022-06-08T20:00:00;14
78;2022-06-09T08:00:00;2022-06-09T20:00:00;14
79;2022-06-10T08:00:00;2022-06-10T19:00:00;14
80;2022-06-11T08:00:00;2022-06-11T14:00:00;14
81;2022-06-06T08:00:00;2022-06-06T18:00:00;15
82;2022-06-07T08:00:00;2022-06-07T20:00:00;15
83;2022-06-08T08:00:00;2022-06-08T20:00:00;15
84;2022-06-09T08:00:00;2022-06-09T20:00:00;15
85;2022-06-10T08:00:00;2022-06-10T19:00:00;15
86;2022-06-11T08:00:00;2022-06-11T14:00:00;15
87;2022-06-06T08:00:00;2022-06-06T18:00:00;16
88;2022-06-07T08:00:00;2022-06-07T20:00:00;16
89;2022-06-08T08:00:00;2022-06-08T20:00:00;16
90;2022-06-09T08:00:00;2022-06-09T20:00:00;16
91;2022-06-10T08:00:00;2022-06-10T19:00:00;16
92;2022-06-11T08:00:00;2022-06-11T14:00:00;16
93;2022-06-06T08:00:00;2022-06-06T18:00:00;17
94;2022-06-07T08:00:00;2022-06-07T20:00:00;17
95;2022-06-08T08:00:00;2022-06-08T20:00:00;17
96;2022-06-09T08:00:00;2022-06-09T20:00:00;17
97;2022-06-10T08:00:00;2022-06-10T19:00:00;17
98;2022-06-11T08:00:00;2022-06-11T14:00:00;17
99;2022-06-06T08:00:00;2022-06-06T18:00:00;18
100;2022-06-07T08:00:00;2022-06-07T20:00:00;18
101;2022-06-08T08:00:00;2022-06-08T20:00:00;18
102;2022-06-09T08:00:00;2022-06-09T20:00:00;18
103;2022-06-10T08:00:00;2022-06-10T19:00:00;18
104;2022-06-11T08:00:00;2022-06-11T14:00:00;18
105;2022-06-06T08:00:00;2022-06-06T18:00:00;19
106;2022-06-07T08:00:00;2022-06-07T20:00:00;19
107;2022-06-08T08:00:00;2022-06-08T20:00:00;19
108;2022-06-09T08:00:00;2022-06-09T20:00:00;19
109;2022-06-10T08:00:00;2022-06-10T19:00:00;19
110;2022-06-11T08:00:00;2022-06-11T14:00:00;19
111;2022-06-06T08:00:00;2022-06-06T18:00:00;20
112;2022-06-07T08:00:00;2022-06-07T20:00:00;20
113;2022-06-08T08:00:00;2022-06-08T20:00:00;20
114;2022-06-09T08:00:00;2022-06-09T20:00:00;20
115;2022-06-10T08:00:00;2022-06-10T19:00:00;20
116;2022-06-11T08:00:00;2022-06-11T14:00:00;20
117;2022-06-06T08:00:00;2022-06-06T18:00:00;21
118;2022-06-07T08:00:00;2022-06-07T20:00:00;21
119;2022-06-08T08:00:00;2022-06-08T20:00:00;21
120;2022-06-09T08:00:00;2022-06-09T20:00:00;21
121;2022-06-10T08:00:00;2022-06-10T19:00:00;21
122;2022-06-11T08:00:00;2022-06-11T14:00:00;21
123;2022-06-06T08:00:00;2022-06-06T18:00:00;22
124;2022-06-07T08:00:00;2022-06-07T20:00:00;22
125;2022-06-08T08:00:00;2022-06-08T20:00:00;22
126;2022-06-09T08:00:00;2022-06-09T20:00:00;22
127;2022-06-10T08:00:00;2022-06-10T19:00:00;22
128;2022-06-11T08:00:00;2022-06-11T14:00:00;22
129;2022-06-06T08:00:00;2022-06-06T18:00:00;23
130;2022-06-07T08:00:00;2022-06-07T20:00:00;23
131;2022-06-08T08:00:00;2022-06-08T20:00:00;23
132;2022-06-09T08:00:00;2022-06-09T20:00:00;23
133;2022-06-10T08:00:00;2022-06-10T19:00:00;23
134;2022-06-11T08:00:00;2022-06-11T14:00:00;23
135;2022-06-06T08:00:00;2022-06-06T18:00:00;24
136;2022-06-07T08:00:00;2022-06-07T20:00:00;24
137;2022-06-08T08:00:00;2022-06-08T20:00:00;24
138;2022-06-09T08:00:00;2022-06-09T20:00:00;24
139;2022-06-10T08:00:00;2022-06-10T19:00:00;24
140;2022-06-11T08:00:00;2022-06-11T14:00:00;24
141;2022-06-06T08:00:00;2022-06-06T18:00:00;25
142;2022-06-07T08:00:00;2022-06-07T20:00:00;25
143;2022-06-08T08:00:00;2022-06-08T20:00:00;25
144;2022-06-09T08:00:00;2022-06-09T20:00:00;25
145;2022-06-10T08:00:00;2022-06-10T19:00:00;25
146;2022-06-11T08:00:00;2022-06-11T14:00:00;25
147;2022-06-06T08:00:00;2022-06-06T18:00:00;26
148;2022-06-07T08:00:00;2022-06-07T20:00:00;26
149;2022-06-08T08:00:00;2022-06-08T20:00:00;26
150;2022-06-09T08:00:00;2022-06-09T20:00:00;26
151;2022-06-10T08:00:00;2022-06-10T19:00:00;26
152;2022-06-11T08:00:00;2022-06-11T14:00:00;26
153;2022-06-06T08:00:00;2022-06-06T18:00:00;27
154;2022-06-07T08:00:00;2022-06-07T20:00:00;27
155;2022-06-08T08:00:00;2022-06-08T20:00:00;27
156;2022-06-09T08:00:00;2022-06-09T20:00:00;27
157;2022-06-10T08:00:00;2022-06-10T19:00:00;27
158;2022-06-11T08:00:00;2022-06-11T14:00:00;27
159;2022-06-06T08:00:00;2022-06-06T18:00:00;28
160;2022-06-07T08:00:00;2022-06-07T20:00:00;28
161;2022-06-08T08:00:00;2022-06-08T20:00:00;28
162;2022-06-09T08:00:00;2022-06-09T20:00:00;28
163;2022-06-10T08:00:00;2022-06-10T19:00:00;28
164;2022-06-11T08:00:00;2022-06-11T14:00:00;28
165;2022-06-06T08:00:00;2022-06-06T18:00:00;29
166;2022-06-07T08:00:00;2022-06-07T20:00:00;29
167;2022-06-08T08:00:00;2022-06-08T20:00:00;29
168;2022-06-09T08:00:00;2022-06-09T20:00:00;29
169;2022-06-10T08:00:00;2022-06-10T19:00:00;29
170;2022-06-11T08:00:00;2022-06-11T14:00:00;29
171;2022-06-06T08:00:00;2022-06-06T18:00:00;30
172;2022-06-07T08:00:00;2022-06-07T20:00:00;30
173;2022-06-08T08:00:00;2022-06-08T20:00:00;30
174;2022-06-09T08:00:00;2022-06-09T20:00:00;30
175;2022-06-10T08:00:00;2022-06-10T19:00:00;30
176;2022-06-11T08:00:00;2022-06-11T14:00:00;30
177;2022-06-06T08:00:00;2022-06-06T18:00:00;31
178;2022-06-07T08:00:00;2022-06-07T20:00:00;31
179;2022-06-08T08:00:00;2022-06-08T20:00:00;31
180;2022-06-09T08:00:00;2022-06-09T20:00:00;31
181;2022-06-10T08:00:00;2022-06-10T19:00:00;31
182;2022-06-11T08:00:00;2022-06-11T14:00:00;31
183;2022-06-06T08:00:00;2022-06-06T18:00:00;32
184;2022-06-07T08:00:00;2022-06-07T20:00:00;32
185;2022-06-08T08:00:00;2022-06-08T20:00:00;32
186;2022-06-09T08:00:00;2022-06-09T20:00:00;32
187;2022-06-10T08:00:00;2022-06-10T19:00:00;32
188;2022-06-11T08:00:00;2022-06-11T14:00:00;32
189;2022-06-06T08:00:00;2022-06-06T18:00:00;33
190;2022-06-07T08:00:00;2022-06-07T20:00:00;33
191;2022-06-08T08:00:00;2022-06-08T20:00:00;33
192;2022-06-09T08:00:00;2022-06-09T20:00:00;33
193;2022-06-10T08:00:00;2022-06-10T19:00:00;33
194;2022-06-11T08:00:00;2022-06-11T14:00:00;33
195;2022-06-06T08:00:00;2022-06-06T18:00:00;34
196;2022-06-07T08:00:00;2022-06-07T20:00:00;34
197;2022-06-08T08:00:00;2022-06-08T20:00:00;34
198;2022-06-09T08:00:00;2022-06-09T20:00:00;34
199;2022-06-10T08:00:00;2022-06-10T19:00:00;34
200;2022-06-11T08:00:00;2022-06-11T14:00:00;34
201;2022-06-06T08:00:00;2022-06-06T18:00:00;35
202;2022-06-07T08:00:00;2022-06-07T20:00:00;35
203;2022-06-08T08:00:00;2022-06-08T20:00:00;35
204;2022-06-09T08:00:00;2022-06-09T20:00:00;35
205;2022-06-10T08:00:00;2022-06-10T19:00:00;35
206;2022-06-11T08:00:00;2022-06-11T14:00:00;35
207;2022-06-06T08:00:00;2022-06-06T18:00:00;36
208;2022-06-07T08:00:00;2022-06-07T20:00:00;36
209;2022-06-08T08:00:00;2022-06-08T20:00:00;36
210;2022-06-09T08:00:00;2022-06-09T20:00:00;36
211;2022-06-10T08:00:00;2022-06-10T19:00:00;36
212;2022-06-11T08:00:00;2022-06-11T14:00:00;36
213;2022-06-06T08:00:00;2022-06-06T18:00:00;37
214;2022-06-07T08:00:00;2022-06-07T20:00:00;37
215;2022-06-08T08:00:00;2022-06-08T20:00:00;37
216;2022-06-09T08:00:00;2022-06-09T20:00:00;37
217;2022-06-10T08:00:00;2022-06-10T19:00:00;37
218;2022-06-11T08:00:00;2022-06-11T14:00:00;37
219;2022-06-06T08:00:00;2022-06-06T18:00:00;38
220;2022-06-07T08:00:00;2022-06-07T20:00:00;38
221;2022-06-08T08:00:00;2022-06-08T20:00:00;38
222;2022-06-09T08:00:00;2022-06-09T20:00:00;38
223;2022-06-10T08:00:00;2022-06-10T19:00:00;38
224;2022-06-11T08:00:00;2022-06-11T14:00:00;38
225;2022-06-06T08:00:00;2022-06-06T18:00:00;39
226;2022-06-07T08:00:00;2022-06-07T20:00:00;39
227;2022-06-08T08:00:00;2022-06-08T20:00:00;39
228;2022-06-09T08:00:00;2022-06-09T20:00:00;39
229;2022-06-10T08:00:00;2022-06-10T19:00:00;39
230;2022-06-11T08:00:00;2022-06-11T14:00:00;39